{"episode_reward": [-1.0, 0.0, -1.0, 0.0, 0.0, -1.0, -1.0, -1.0, -1.0, -1.0, -1.0, 0.0, 0.0, -1.0, -1.0, -1.0, -1.0], "global_score": [100, 400, 400, 200, 100, 100, 400, 0, 0, 400, 300, 200, 200, 300, 400, 300, 400], "nb_steps": [13, 131, 148, 170, 201, 211, 228, 246, 299, 328, 349, 365, 429, 430, 444, 450, 514], "mean_absolute_error": [NaN, NaN, NaN, NaN, NaN, NaN, NaN, NaN, NaN, NaN, NaN, NaN, NaN, NaN, NaN, NaN, NaN], "loss": [NaN, NaN, NaN, NaN, NaN, NaN, NaN, NaN, NaN, NaN, NaN, NaN, NaN, NaN, NaN, NaN, NaN], "mean_eps": [NaN, NaN, NaN, NaN, NaN, NaN, NaN, NaN, NaN, NaN, NaN, NaN, NaN, NaN, NaN, NaN, NaN], "avarage_q": [0.007802209351211786, 0.007802209351211786, 0.007802209351211786, 0.007802209351211786, 0.007802209351211786, 0.007802209351211786, 0.007802209351211786, 0.007802209351211786, 0.007802209351211786, 0.007802209351211786, 0.007802209351211786, 0.007802209351211786, 0.007802209351211786, 0.007802209351211786, 0.007802209351211786, 0.007802209351211786, 0.007802209351211786], "checkpoint": [3, 10, 15, 6, 2, 3, 15, 1, 1, 12, 10, 6, 7, 10, 11, 9, 12], "nb_episode_steps": [13, 118, 17, 22, 31, 10, 17, 18, 53, 29, 21, 16, 64, 1, 14, 6, 64], "average_error_PER": [NaN, NaN, NaN, NaN, NaN, NaN, NaN, NaN, NaN, NaN, NaN, NaN, NaN, NaN, NaN, NaN, NaN], "duration": [5.374379873275757, 16.139436960220337, 3.4071199893951416, 3.481872081756592, 7.0070600509643555, 2.065387010574341, 4.487473011016846, 6.405533075332642, 8.1075279712677, 4.641695022583008, 5.60045599937439, 2.7975709438323975, 11.523146152496338, 2.680065155029297, 2.7505009174346924, 4.370389938354492, 11.818753957748413], "episode": [0, 1, 2, 3, 4, 5, 6, 7, 8, 9, 10, 11, 12, 13, 14, 15, 16], "max_error_PER": [NaN, NaN, NaN, NaN, NaN, NaN, NaN, NaN, NaN, NaN, NaN, NaN, NaN, NaN, NaN, NaN, NaN], "mean_q": [NaN, NaN, NaN, NaN, NaN, NaN, NaN, NaN, NaN, NaN, NaN, NaN, NaN, NaN, NaN, NaN, NaN]}