{"episode_reward": [0.0, -1.0, -1.0, -1.0, -1.0], "global_score": [200, 300, 100, 0, 100], "nb_steps": [20, 32, 47, 53, 107], "mean_absolute_error": [NaN, NaN, NaN, NaN, 0.03310437873005867], "loss": [NaN, NaN, NaN, NaN, 0.032820187509059906], "mean_eps": [NaN, NaN, NaN, NaN, 0.9999064], "checkpoint": [5, 9, 3, 1, 3], "nb_episode_steps": [20, 12, 15, 6, 54], "average_error_PER": [NaN, NaN, NaN, NaN, 0.09290746096246494], "duration": [8.85538101196289, 8.062641859054565, 5.8212409019470215, 4.34130597114563, 24.18005394935608], "episode": [0, 1, 2, 3, 4], "max_error_PER": [NaN, NaN, NaN, NaN, 1.0000595096425968], "mean_q": [NaN, NaN, NaN, NaN, 0.031072720885276794]}