{"episode_reward": [-1.0, -1.0, -1.0, -1.0, -1.0, -1.0, -1.0, -1.0, -1.0], "nb_steps": [28, 71, 145, 215, 253, 276, 327, 353, 387], "mean_absolute_error": [NaN, NaN, 0.11195671151984822, 0.24055834026897654, 0.49991048872470856, 0.6122578501701355, 0.7933543416169974, 1.1668035558291845, 1.6576145589351654], "loss": [NaN, NaN, 0.01702891354745423, 0.020396422382498926, 0.024261623667553068, 0.016638207715004683, 0.015396965676560424, 0.04026070958934724, 0.04729529086034745], "mean_eps": [NaN, NaN, 0.9998884000000001, 0.999838, 0.9997894, 0.9997624, 0.99973, 0.999694, 0.999667], "nb_episode_steps": [28, 43, 74, 70, 38, 23, 51, 26, 34], "average_error_PER": [NaN, NaN, 0.16374178660732303, 0.33871730690931573, 0.5835351196874399, 0.6897203749006925, 0.8686237095299965, 1.2790071624331176, 1.724106849054806], "duration": [14.911520957946777, 19.66971707344055, 51.43393087387085, 43.8140971660614, 25.097248792648315, 15.244853019714355, 36.36781311035156, 18.757576942443848, 23.414891004562378], "episode": [0, 1, 2, 3, 4, 5, 6, 7, 8], "max_error_PER": [NaN, NaN, 1.0007444700459018, 1.0126349003985524, 1.0517086684703827, 1.0760843381285667, 1.15970066934824, 1.6503059267997742, 2.4434237480163574], "mean_q": [NaN, NaN, 0.15607943385839462, 0.3512482958681443, 0.6383406102657319, 0.772565507888794, 1.0105020495561452, 1.5121527399335588, 2.0896900445222855]}