{"episode_reward": [-1.0, -1.0, -1.0, -1.0, -1.0, -1.0, -1.0, -1.0, -1.0, -1.0, -1.0, -1.0, -1.0, -1.0, -1.0, -1.0, -1.0, -1.0, -1.0, -1.0, -1.0, -1.0, -1.0, -1.0], "nb_steps": [28, 71, 145, 215, 253, 276, 327, 353, 387, 448, 459, 488, 495, 500, 522, 531, 534, 557, 569, 581, 596, 681, 728, 739], "mean_absolute_error": [NaN, NaN, 0.06654642014340921, 0.05645280353286687, 0.06317847259342671, 0.05593359097838402, 0.060902372862284, 0.08101585933140346, 0.05849257344380021, 0.06376114264130592, 0.05039301017920176, 0.05751843856913703, 0.06787915527820587, 0.06499368697404861, 0.06453708621362846, 0.05764305405318737, 0.060699790716171265, 0.06829806727667649, 0.08287160346905391, 0.0792481725414594, 0.07048242042462032, 0.05933363921940327, 0.07193145630034534, 0.06764350334803264], "loss": [NaN, NaN, 0.013071009148420258, 0.006053824443370104, 0.004268186210538261, 0.00546771070221439, 0.00618971544631327, 0.011634586611762643, 0.010039286054961849, 0.008248840398543204, 0.00372622951787586, 0.003636774428222062, 0.012292757688555866, 0.0038161289412528276, 0.01604821253567934, 0.008684508386068046, 0.012772098183631897, 0.003314759892721971, 0.007452064969887336, 0.01121181168127805, 0.017274143795172375, 0.006428562369282273, 0.008825544760012153, 0.00948761993398269], "mean_eps": [NaN, NaN, 0.9998884000000001, 0.999838, 0.9997894, 0.9997624, 0.99973, 0.999694, 0.999667, 0.9996256, 0.9995932, 0.9995752, 0.9995590000000001, 0.9995536, 0.9995410000000001, 0.9995266, 0.9995212, 0.9995086000000001, 0.9994924, 0.9994815999999999, 0.9994708000000001, 0.9994257999999999, 0.9993664, 0.9993412], "nb_episode_steps": [28, 43, 74, 70, 38, 23, 51, 26, 34, 61, 11, 29, 7, 5, 22, 9, 3, 23, 12, 12, 15, 85, 47, 11], "duration": [15.12775993347168, 19.80715799331665, 48.8619749546051, 43.1997549533844, 23.860105991363525, 13.805109024047852, 34.909903049468994, 18.43166494369507, 19.560296773910522, 36.42109417915344, 6.472611904144287, 17.79967999458313, 5.044013977050781, 4.006941080093384, 13.084565162658691, 6.0407140254974365, 2.7443389892578125, 15.424513101577759, 7.247438907623291, 8.198409080505371, 9.984699964523315, 52.49019193649292, 28.827157020568848, 8.433128833770752], "episode": [0, 1, 2, 3, 4, 5, 6, 7, 8, 9, 10, 11, 12, 13, 14, 15, 16, 17, 18, 19, 20, 21, 22, 23], "mean_q": [NaN, NaN, 0.09087973020293495, 0.08287593152593165, 0.11317389681935311, 0.08116194754838943, 0.08985366901526085, 0.07853148771183831, 0.11506714671850204, 0.09762000838915506, 0.10026172796885173, 0.09516951867512294, 0.09958803653717041, 0.10742887109518051, 0.09656688074270885, 0.11292093992233276, 0.10726910084486008, 0.10969898973902066, 0.1269792045156161, 0.13452950616677603, 0.11192730317513148, 0.10547846555709839, 0.10883396660739725, 0.11996668577194214]}