{"episode_reward": [0.0, 0.0, 0.0, 0.0, 0.0, 0.0], "nb_steps": [74, 110, 119, 264, 323, 337], "mean_absolute_error": [NaN, NaN, NaN, NaN, NaN, NaN], "loss": [NaN, NaN, NaN, NaN, NaN, NaN], "avarage_q": [0.05090094357728958, 0.05090094357728958, 0.05090094357728958, 0.05090094357728958, 0.05090094357728958, 0.05090094357728958], "mean_eps": [NaN, NaN, NaN, NaN, NaN, NaN], "nb_episode_steps": [74, 36, 9, 145, 59, 14], "duration": [21.7883620262146, 16.313583850860596, 7.039047002792358, 42.7342209815979, 18.77433180809021, 6.740208864212036], "episode": [0, 1, 2, 3, 4, 5], "mean_q": [NaN, NaN, NaN, NaN, NaN, NaN]}