{"episode_reward": [-1.0, -1.0], "global_score": [0, 0], "nb_steps": [145, 190], "mean_absolute_error": [NaN, NaN], "loss": [NaN, NaN], "mean_eps": [NaN, NaN], "avarage_q": [0.04745449870824814, 0.04745449870824814], "nb_episode_steps": [145, 45], "duration": [39.294512033462524, 14.415755987167358], "episode": [0, 1], "mean_q": [NaN, NaN]}